dt,x,y,position,velocity,acceleration,jerk,heading
5.000000,121.014046,211.778046,0.000000,0.000000,0.000000,0.000000,0.039639
5.000000,121.014046,211.778046,0.000000,0.000000,0.000000,0.000000,0.039639
5.000000,121.014046,211.778046,0.000000,0.000000,0.000000,0.000000,0.039639
