dt,x,y,position,velocity,acceleration,jerk,heading
5.000000,120.062950,235.759193,0.000000,0.000000,0.000000,0.000000,0.039639
5.000000,120.062950,235.759193,0.000000,0.000000,0.000000,0.000000,0.039639
5.000000,120.062950,235.759193,0.000000,0.000000,0.000000,0.000000,0.039639
