dt,x,y,position,velocity,acceleration,jerk,heading
5.000000,120.538498,223.768620,0.000000,0.000000,0.000000,0.000000,0.039639
5.000000,120.538498,223.768620,0.000000,0.000000,0.000000,0.000000,0.039639
5.000000,120.538498,223.768620,0.000000,0.000000,0.000000,0.000000,0.039639
